id,name
2019ROGO04,Wojciech Rogoziński
2022KUBA02,Jáchym Kubata
2020BARA02,Radomił Baran
2008BARA01,Bence Barát
2016TARA04,Igor Tarasov
2013MUAT01,Matěj Mužátko
2021GROH01,Vojtěch Grohmann
2022HAVL01,Daniel Havlíček
2008VARG01,Dániel Varga
2017TEIC01,Cyril Teichmann
2022STRE03,Jáchym Střelec
2021STAW01,Tomasz Stawowy
,Radim Tesner
,Kaya Zindler
2016NOVO01,Gergely Novotni
2012MARA03,Róbert Maróti
2017FONS04,Jan Fonš
2019RIED01,Jan Riedl
2015KRAL01,Tomáš Král
2022HUBE02,Emil Henry Huber
2022JOHN55,Adam John
2022BOGU01,Zuzanna Bogusz
2019EDWA02,David Edwards
2019HORA01,Vojtěch Horák
2019HLAV02,Adam Hlavín
2017CHOD02,Adam Chodyniecki
2022CHVO01,Marek Chvojka
2021HEIS01,Jindřich Heissiger
2022PRUD01,Kryštof Prudil
2017EMME01,Matěj Emmer
2022STRE04,Jonáš Střelec
2022KORI01,Adam Kořínek
,Tobias Wdówka
2019CERN03,Pavel Černý
2018OLII01,Maksym Oliynyk
2022PANA04,Daniel Panáček
2022PILA01,Max Pilatik
2021ZEMA01,Jan Zeman
2015FALD01,Tadeáš Faldus
2022KIRS02,Antonín Kirschner
2019MATY01,Oskar Matysik
2020RUDZ02,Przemysław Rudziak
2018CHOD01,Jarosław Chodyniecki
2019JELI02,Barbora Jelínková
2022MARE01,Filip Mareš
2016WALO01,Damian Wałoszek
2021TOMI01,Antonín Tomis
2022KEDE01,Matouš Keder
2019ZATO01,Karolina Zatorska
,Vít Jandoš
2022MART37,Jakub Martoch
2019KARC02,Petr Karčmař
2014CERN02,Pavel Černý
2021THOM06,Jan Thomas
2017HALA03,Jindřich Halabala
2021MCLE04,Thomas McLean
,Martin Soles
2021KALI01,Gregor Kalický
2012CANT02,Simone Cantarelli
,Jonáš Bartok
2019BERA01,Emma Beranová
2017KUPR02,Arsenij Kuprin
2014QUYN02,Tomáš Nguyen
2018HAMK01,Jakub Hamkało
2015GROH02,Matěj Grohmann
,David Duong
